transformed_feature,feature_importance,source_feature
numeric__early_event_gap_log1p,1604,early_event_gap_log1p
numeric__price_for_aggregation_second,1289,price_for_aggregation_second
numeric__price_for_aggregation_first,1252,price_for_aggregation_first
numeric__early_unique_products,150,early_unique_products
categorical__first_event_dayofweek_0,138,first_event_dayofweek
categorical__first_event_dayofweek_1,128,first_event_dayofweek
categorical__category_code_clean_second_construction.tools.light,94,category_code_clean_second
numeric__early_unique_brands,93,early_unique_brands
categorical__brand_clean_second_infrequent_sklearn,89,brand_clean_second
numeric__early_unique_categories,83,early_unique_categories
categorical__first_event_dayofweek_3,81,first_event_dayofweek
numeric__early_cart_count,81,early_cart_count
categorical__first_event_dayofweek_4,74,first_event_dayofweek
categorical__brand_clean_first_infrequent_sklearn,68,brand_clean_first
categorical__brand_clean_second_xiaomi,66,brand_clean_second
categorical__first_event_dayofweek_6,64,first_event_dayofweek
categorical__first_event_dayofweek_5,64,first_event_dayofweek
categorical__first_event_dayofweek_2,60,first_event_dayofweek
categorical__first_event_is_weekend_0,59,first_event_is_weekend
categorical__first_event_hour_17,58,first_event_hour
categorical__first_event_hour_16,54,first_event_hour
categorical__brand_clean_second_samsung,50,brand_clean_second
categorical__first_event_hour_9,49,first_event_hour
categorical__brand_clean_first_unknown,49,brand_clean_first
categorical__first_event_hour_18,46,first_event_hour
categorical__first_event_hour_20,45,first_event_hour
categorical__category_code_clean_first_construction.tools.light,44,category_code_clean_first
categorical__first_event_hour_11,40,first_event_hour
categorical__brand_clean_second_defacto,40,brand_clean_second
categorical__category_code_clean_first_electronics.audio.headphone,39,category_code_clean_first
categorical__brand_clean_second_apple,39,brand_clean_second
categorical__first_event_hour_7,36,first_event_hour
categorical__first_event_hour_19,35,first_event_hour
categorical__brand_clean_second_unknown,34,brand_clean_second
categorical__event_type_second_cart,33,event_type_second
categorical__brand_clean_first_lenovo,33,brand_clean_first
categorical__category_code_clean_second_unknown,33,category_code_clean_second
categorical__first_event_hour_10,32,first_event_hour
categorical__brand_clean_second_lg,32,brand_clean_second
categorical__first_event_hour_8,30,first_event_hour
categorical__brand_clean_first_samsung,29,brand_clean_first
categorical__first_event_hour_5,29,first_event_hour
categorical__category_code_clean_first_apparel.shoes,28,category_code_clean_first
categorical__first_event_hour_1,28,first_event_hour
categorical__first_event_hour_23,28,first_event_hour
categorical__brand_clean_second_arg,27,brand_clean_second
categorical__category_code_clean_second_apparel.shoes,27,category_code_clean_second
categorical__first_event_hour_4,26,first_event_hour
categorical__category_code_clean_first_appliances.personal.massager,26,category_code_clean_first
categorical__brand_clean_first_artel,26,brand_clean_first
categorical__first_event_hour_21,26,first_event_hour
categorical__category_code_clean_second_sport.trainer,25,category_code_clean_second
categorical__category_code_clean_second_apparel.underwear,25,category_code_clean_second
categorical__brand_clean_second_respect,25,brand_clean_second
categorical__category_code_clean_first_apparel.scarf,25,category_code_clean_first
categorical__brand_clean_second_redmond,24,brand_clean_second
categorical__brand_clean_second_housefit,23,brand_clean_second
categorical__first_event_hour_12,23,first_event_hour
categorical__first_event_hour_22,23,first_event_hour
categorical__brand_clean_second_oppo,23,brand_clean_second
categorical__category_code_clean_second_sport.bicycle,23,category_code_clean_second
categorical__brand_clean_first_apple,22,brand_clean_first
categorical__brand_clean_second_asel,22,brand_clean_second
categorical__brand_clean_first_nike,22,brand_clean_first
categorical__brand_clean_first_scarlett,21,brand_clean_first
categorical__brand_clean_second_microlab,21,brand_clean_second
categorical__brand_clean_first_realme,21,brand_clean_first
categorical__first_event_hour_6,21,first_event_hour
categorical__category_code_clean_second_furniture.kitchen.table,21,category_code_clean_second
categorical__brand_clean_second_pioneer,20,brand_clean_second
categorical__category_code_clean_second_appliances.personal.hair_cutter,20,category_code_clean_second
categorical__brand_clean_second_huawei,20,brand_clean_second
categorical__category_code_clean_second_accessories.bag,20,category_code_clean_second
categorical__brand_clean_first_hasbro,20,brand_clean_first
categorical__brand_clean_first_midea,20,brand_clean_first
categorical__brand_clean_first_xiaomi,20,brand_clean_first
categorical__category_code_clean_second_appliances.kitchen.refrigerators,20,category_code_clean_second
categorical__category_code_clean_first_electronics.audio.microphone,19,category_code_clean_first
categorical__category_code_clean_first_sport.bicycle,19,category_code_clean_first
categorical__brand_clean_second_jvc,19,brand_clean_second
categorical__category_code_clean_second_electronics.audio.headphone,18,category_code_clean_second
categorical__category_code_clean_first_appliances.kitchen.refrigerators,18,category_code_clean_first
categorical__brand_clean_first_pulser,17,brand_clean_first
categorical__brand_clean_first_sony,17,brand_clean_first
categorical__category_code_clean_second_computers.notebook,17,category_code_clean_second
categorical__category_code_clean_first_appliances.environment.air_heater,17,category_code_clean_first
categorical__first_event_hour_15,16,first_event_hour
categorical__first_event_hour_13,16,first_event_hour
categorical__first_event_is_weekend_1,16,first_event_is_weekend
categorical__brand_clean_second_ritmix,16,brand_clean_second
categorical__brand_clean_second_brw,16,brand_clean_second
categorical__brand_clean_second_ariston,16,brand_clean_second
categorical__brand_clean_second_adidas,16,brand_clean_second
categorical__category_code_clean_first_sport.ski,15,category_code_clean_first
categorical__category_code_clean_first_appliances.kitchen.blender,15,category_code_clean_first
categorical__first_event_hour_0,15,first_event_hour
categorical__brand_clean_second_electrolux,15,brand_clean_second
categorical__category_code_clean_first_unknown,15,category_code_clean_first
categorical__category_code_clean_second_construction.tools.welding,15,category_code_clean_second
categorical__category_code_clean_second_appliances.personal.massager,15,category_code_clean_second
categorical__category_code_clean_first_electronics.video.tv,14,category_code_clean_first
categorical__category_code_clean_first_appliances.kitchen.dishwasher,14,category_code_clean_first
categorical__brand_clean_second_dell,14,brand_clean_second
categorical__brand_clean_second_chayka,14,brand_clean_second
categorical__category_code_clean_first_apparel.shirt,14,category_code_clean_first
categorical__category_code_clean_second_appliances.kitchen.washer,14,category_code_clean_second
categorical__category_code_clean_first_kids.toys,14,category_code_clean_first
categorical__brand_clean_first_sven,14,brand_clean_first
categorical__brand_clean_first_tunga,14,brand_clean_first
categorical__brand_clean_first_yasin,14,brand_clean_first
categorical__brand_clean_first_defacto,12,brand_clean_first
categorical__category_code_clean_first_appliances.kitchen.toster,12,category_code_clean_first
categorical__first_event_hour_14,12,first_event_hour
categorical__category_code_clean_first_infrequent_sklearn,12,category_code_clean_first
categorical__category_code_clean_second_electronics.smartphone,12,category_code_clean_second
categorical__brand_clean_second_rondell,12,brand_clean_second
categorical__category_code_clean_second_construction.tools.drill,12,category_code_clean_second
categorical__category_code_clean_first_appliances.environment.climate,11,category_code_clean_first
categorical__category_code_clean_second_apparel.shorts,11,category_code_clean_second
categorical__brand_clean_second_lenovo,11,brand_clean_second
categorical__brand_clean_second_tp-link,11,brand_clean_second
categorical__category_code_clean_second_apparel.pajamas,11,category_code_clean_second
categorical__brand_clean_first_gf,11,brand_clean_first
categorical__brand_clean_second_epson,11,brand_clean_second
categorical__brand_clean_second_sony,11,brand_clean_second
categorical__category_code_clean_second_computers.components.power_supply,11,category_code_clean_second
categorical__category_code_clean_second_appliances.kitchen.hood,11,category_code_clean_second
categorical__category_code_clean_second_appliances.kitchen.toster,11,category_code_clean_second
categorical__category_code_clean_second_computers.peripherals.mouse,11,category_code_clean_second
categorical__category_code_clean_second_construction.tools.pump,11,category_code_clean_second
categorical__brand_clean_first_lg,11,brand_clean_first
categorical__brand_clean_first_transcend,11,brand_clean_first
categorical__brand_clean_first_rowenta,11,brand_clean_first
categorical__brand_clean_first_polaris,11,brand_clean_first
categorical__brand_clean_second_prestigio,11,brand_clean_second
categorical__category_code_clean_first_apparel.trousers,10,category_code_clean_first
categorical__category_code_clean_first_appliances.kitchen.coffee_grinder,10,category_code_clean_first
categorical__brand_clean_second_asus,10,brand_clean_second
categorical__brand_clean_first_bts,10,brand_clean_first
categorical__brand_clean_first_dauscher,10,brand_clean_first
categorical__brand_clean_second_gorenje,10,brand_clean_second
categorical__brand_clean_second_force,10,brand_clean_second
categorical__brand_clean_first_hp,10,brand_clean_first
categorical__brand_clean_second_vitek,10,brand_clean_second
categorical__category_code_clean_first_appliances.kitchen.washer,10,category_code_clean_first
categorical__brand_clean_first_acer,10,brand_clean_first
categorical__brand_clean_second_nika,10,brand_clean_second
categorical__category_code_clean_second_kids.swing,10,category_code_clean_second
categorical__brand_clean_second_rowenta,10,brand_clean_second
categorical__category_code_clean_second_sport.tennis,10,category_code_clean_second
categorical__brand_clean_second_sven,10,brand_clean_second
categorical__category_code_clean_second_appliances.environment.vacuum,10,category_code_clean_second
categorical__brand_clean_second_maxwell,10,brand_clean_second
categorical__category_code_clean_second_electronics.telephone,10,category_code_clean_second
categorical__first_event_hour_2,9,first_event_hour
categorical__brand_clean_second_lego,9,brand_clean_second
categorical__brand_clean_second_gf,9,brand_clean_second
categorical__category_code_clean_second_apparel.shoes.step_ins,9,category_code_clean_second
categorical__category_code_clean_second_apparel.shirt,9,category_code_clean_second
categorical__category_code_clean_second_apparel.scarf,9,category_code_clean_second
categorical__category_code_clean_first_computers.peripherals.mouse,9,category_code_clean_first
categorical__category_code_clean_first_sport.snowboard,9,category_code_clean_first
categorical__category_code_clean_second_furniture.kitchen.chair,8,category_code_clean_second
categorical__brand_clean_second_lucente,8,brand_clean_second
categorical__category_code_clean_second_computers.components.cooler,8,category_code_clean_second
categorical__category_code_clean_first_apparel.pajamas,8,category_code_clean_first
categorical__brand_clean_first_carfashion,8,brand_clean_first
categorical__brand_clean_second_hp,8,brand_clean_second
categorical__category_code_clean_second_furniture.universal.light,8,category_code_clean_second
categorical__brand_clean_second_tcl,8,brand_clean_second
categorical__brand_clean_first_nokian,8,brand_clean_first
categorical__category_code_clean_first_kids.swing,8,category_code_clean_first
categorical__category_code_clean_first_electronics.camera.photo,8,category_code_clean_first
categorical__brand_clean_second_aerocool,8,brand_clean_second
categorical__category_code_clean_second_kids.toys,7,category_code_clean_second
categorical__category_code_clean_second_furniture.living_room.sofa,7,category_code_clean_second
categorical__brand_clean_first_aerocool,7,brand_clean_first
categorical__brand_clean_second_intel,7,brand_clean_second
categorical__category_code_clean_second_appliances.kitchen.juicer,7,category_code_clean_second
categorical__category_code_clean_second_electronics.clocks,7,category_code_clean_second
categorical__brand_clean_second_polaris,7,brand_clean_second
categorical__category_code_clean_first_accessories.bag,7,category_code_clean_first
categorical__category_code_clean_second_sport.snowboard,7,category_code_clean_second
categorical__brand_clean_first_huawei,7,brand_clean_first
categorical__category_code_clean_first_furniture.bedroom.bed,7,category_code_clean_first
categorical__brand_clean_first_rondell,7,brand_clean_first
categorical__brand_clean_second_cordiant,7,brand_clean_second
categorical__category_code_clean_first_construction.tools.generator,7,category_code_clean_first
categorical__brand_clean_second_a-case,7,brand_clean_second
categorical__category_code_clean_first_construction.tools.drill,7,category_code_clean_first
categorical__category_code_clean_first_electronics.video.projector,7,category_code_clean_first
categorical__category_code_clean_first_apparel.shoes.slipons,7,category_code_clean_first
categorical__brand_clean_first_microsoft,6,brand_clean_first
categorical__brand_clean_second_intex,6,brand_clean_second
categorical__brand_clean_first_triangle,6,brand_clean_first
categorical__category_code_clean_first_kids.skates,6,category_code_clean_first
categorical__category_code_clean_first_appliances.environment.vacuum,6,category_code_clean_first
categorical__brand_clean_second_giant,6,brand_clean_second
categorical__category_code_clean_second_sport.ski,6,category_code_clean_second
categorical__brand_clean_first_bosch,6,brand_clean_first
categorical__brand_clean_second_transcend,6,brand_clean_second
categorical__event_type_second_view,6,event_type_second
categorical__brand_clean_second_meizu,6,brand_clean_second
categorical__brand_clean_first_alteco,6,brand_clean_first
categorical__brand_clean_second_lider,6,brand_clean_second
categorical__category_code_clean_second_apparel.shoes.sandals,6,category_code_clean_second
categorical__category_code_clean_second_appliances.kitchen.hob,6,category_code_clean_second
categorical__first_event_hour_3,6,first_event_hour
categorical__category_code_clean_second_electronics.audio.music_tools.piano,6,category_code_clean_second
categorical__category_code_clean_first_appliances.kitchen.grill,6,category_code_clean_first
categorical__category_code_clean_first_construction.tools.pump,6,category_code_clean_first
categorical__brand_clean_second_philips,5,brand_clean_second
categorical__category_code_clean_second_computers.peripherals.printer,5,category_code_clean_second
categorical__brand_clean_second_puma,5,brand_clean_second
categorical__category_code_clean_second_appliances.kitchen.dishwasher,5,category_code_clean_second
categorical__category_code_clean_second_country_yard.cultivator,5,category_code_clean_second
categorical__category_code_clean_first_sport.trainer,5,category_code_clean_first
categorical__category_code_clean_second_appliances.environment.climate,5,category_code_clean_second
categorical__brand_clean_first_indesit,5,brand_clean_first
categorical__brand_clean_first_trust,5,brand_clean_first
categorical__brand_clean_first_msi,5,brand_clean_first
categorical__category_code_clean_second_apparel.shoes.keds,5,category_code_clean_second
categorical__category_code_clean_first_appliances.personal.hair_cutter,5,category_code_clean_first
categorical__category_code_clean_first_construction.tools.painting,5,category_code_clean_first
categorical__brand_clean_first_respect,5,brand_clean_first
categorical__category_code_clean_first_apparel.tshirt,5,category_code_clean_first
categorical__category_code_clean_first_electronics.audio.music_tools.piano,5,category_code_clean_first
categorical__brand_clean_second_adagio,5,brand_clean_second
categorical__brand_clean_first_oppo,5,brand_clean_first
categorical__category_code_clean_second_furniture.bedroom.bed,5,category_code_clean_second
categorical__category_code_clean_second_kids.skates,5,category_code_clean_second
categorical__brand_clean_second_phoenix,5,brand_clean_second
categorical__brand_clean_first_vitek,4,brand_clean_first
categorical__category_code_clean_first_electronics.camera.video,4,category_code_clean_first
categorical__category_code_clean_first_electronics.clocks,4,category_code_clean_first
categorical__brand_clean_second_acer,4,brand_clean_second
categorical__category_code_clean_first_electronics.smartphone,4,category_code_clean_first
categorical__brand_clean_second_bosch,4,brand_clean_second
categorical__brand_clean_second_kitfort,4,brand_clean_second
categorical__category_code_clean_second_construction.tools.generator,4,category_code_clean_second
categorical__category_code_clean_first_apparel.shoes.keds,4,category_code_clean_first
categorical__brand_clean_second_nike,4,brand_clean_second
categorical__category_code_clean_second_infrequent_sklearn,4,category_code_clean_second
categorical__brand_clean_second_chicco,4,brand_clean_second
categorical__brand_clean_second_iqos,4,brand_clean_second
categorical__category_code_clean_first_appliances.environment.air_conditioner,4,category_code_clean_first
categorical__brand_clean_second_kicx,4,brand_clean_second
categorical__brand_clean_first_asus,4,brand_clean_first
categorical__category_code_clean_second_apparel.shoes.slipons,4,category_code_clean_second
categorical__brand_clean_first_chayka,4,brand_clean_first
categorical__brand_clean_first_puma,4,brand_clean_first
categorical__brand_clean_first_tefal,4,brand_clean_first
categorical__category_code_clean_first_apparel.shorts,4,category_code_clean_first
categorical__category_code_clean_first_appliances.kitchen.juicer,3,category_code_clean_first
categorical__brand_clean_first_ariston,3,brand_clean_first
categorical__category_code_clean_second_appliances.environment.air_heater,3,category_code_clean_second
categorical__category_code_clean_first_furniture.kitchen.table,3,category_code_clean_first
categorical__category_code_clean_first_appliances.kitchen.mixer,3,category_code_clean_first
categorical__category_code_clean_first_computers.notebook,3,category_code_clean_first
categorical__brand_clean_first_lider,3,brand_clean_first
categorical__category_code_clean_first_apparel.sock,3,category_code_clean_first
categorical__brand_clean_second_triangle,3,brand_clean_second
categorical__brand_clean_second_hansa,3,brand_clean_second
categorical__brand_clean_first_hansa,3,brand_clean_first
categorical__brand_clean_first_elenberg,3,brand_clean_first
categorical__category_code_clean_first_furniture.living_room.sofa,3,category_code_clean_first
categorical__category_code_clean_second_appliances.kitchen.kettle,3,category_code_clean_second
categorical__category_code_clean_second_furniture.bathroom.bath,3,category_code_clean_second
categorical__category_code_clean_second_appliances.sewing_machine,3,category_code_clean_second
categorical__category_code_clean_second_computers.ebooks,3,category_code_clean_second
categorical__brand_clean_first_intel,3,brand_clean_first
categorical__brand_clean_first_force,3,brand_clean_first
categorical__brand_clean_second_defender,3,brand_clean_second
categorical__category_code_clean_first_furniture.bedroom.blanket,3,category_code_clean_first
categorical__brand_clean_second_hasbro,3,brand_clean_second
categorical__category_code_clean_first_accessories.wallet,2,category_code_clean_first
categorical__category_code_clean_second_computers.desktop,2,category_code_clean_second
categorical__category_code_clean_second_appliances.kitchen.oven,2,category_code_clean_second
categorical__category_code_clean_second_electronics.audio.subwoofer,2,category_code_clean_second
categorical__category_code_clean_first_appliances.kitchen.hood,2,category_code_clean_first
categorical__brand_clean_second_hygge,2,brand_clean_second
categorical__category_code_clean_second_apparel.costume,2,category_code_clean_second
categorical__brand_clean_first_arg,2,brand_clean_first
categorical__category_code_clean_second_appliances.kitchen.blender,2,category_code_clean_second
categorical__brand_clean_second_karcher,2,brand_clean_second
categorical__brand_clean_first_amd,2,brand_clean_first
categorical__brand_clean_second_bq,2,brand_clean_second
categorical__category_code_clean_first_appliances.kitchen.oven,2,category_code_clean_first
categorical__category_code_clean_first_computers.peripherals.printer,2,category_code_clean_first
categorical__category_code_clean_first_electronics.audio.subwoofer,2,category_code_clean_first
categorical__brand_clean_second_msi,2,brand_clean_second
categorical__category_code_clean_second_construction.components.faucet,2,category_code_clean_second
categorical__brand_clean_second_pulser,2,brand_clean_second
categorical__category_code_clean_second_furniture.living_room.chair,2,category_code_clean_second
categorical__brand_clean_first_rivertoys,2,brand_clean_first
categorical__category_code_clean_first_furniture.bathroom.bath,2,category_code_clean_first
categorical__category_code_clean_first_auto.accessories.alarm,2,category_code_clean_first
categorical__brand_clean_second_logitech,1,brand_clean_second
categorical__brand_clean_second_swat,1,brand_clean_second
categorical__brand_clean_second_tefal,1,brand_clean_second
categorical__brand_clean_second_thermex,1,brand_clean_second
categorical__category_code_clean_second_electronics.camera.photo,1,category_code_clean_second
categorical__category_code_clean_second_appliances.kitchen.mixer,1,category_code_clean_second
categorical__category_code_clean_second_electronics.video.projector,1,category_code_clean_second
categorical__category_code_clean_first_apparel.shoes.espadrilles,1,category_code_clean_first
numeric__early_zero_price_event_count,1,early_zero_price_event_count
categorical__category_code_clean_second_electronics.video.tv,1,category_code_clean_second
categorical__brand_clean_second_scarlett,1,brand_clean_second
categorical__category_code_clean_second_electronics.tablet,1,category_code_clean_second
categorical__category_code_clean_second_apparel.trousers,1,category_code_clean_second
categorical__brand_clean_second_tramontina,1,brand_clean_second
categorical__category_code_clean_first_construction.tools.welding,1,category_code_clean_first
categorical__brand_clean_first_huggies,1,brand_clean_first
categorical__brand_clean_second_beko,1,brand_clean_second
categorical__brand_clean_second_canyon,1,brand_clean_second
categorical__brand_clean_second_centek,1,brand_clean_second
categorical__brand_clean_first_epson,1,brand_clean_first
categorical__brand_clean_second_elenberg,1,brand_clean_second
categorical__brand_clean_first_galaxy,1,brand_clean_first
categorical__brand_clean_second_gigabyte,1,brand_clean_second
categorical__brand_clean_second_honor,1,brand_clean_second
categorical__brand_clean_second_janome,1,brand_clean_second
categorical__brand_clean_first_decathlon,1,brand_clean_first
categorical__category_code_clean_first_furniture.universal.light,1,category_code_clean_first
categorical__brand_clean_first_canyon,1,brand_clean_first
categorical__brand_clean_second_huter,1,brand_clean_second
categorical__brand_clean_second_stels,1,brand_clean_second
categorical__category_code_clean_first_computers.components.cooler,1,category_code_clean_first
categorical__brand_clean_second_alteco,1,brand_clean_second
categorical__brand_clean_first_lucente,1,brand_clean_first
categorical__brand_clean_first_iqos,1,brand_clean_first
categorical__brand_clean_first_kitfort,1,brand_clean_first
categorical__brand_clean_first_meizu,1,brand_clean_first
categorical__brand_clean_first_gorenje,1,brand_clean_first
categorical__category_code_clean_first_apparel.shoes.sandals,1,category_code_clean_first
categorical__category_code_clean_first_appliances.sewing_machine,1,category_code_clean_first
categorical__brand_clean_first_philips,1,brand_clean_first
categorical__brand_clean_first_phoenix,1,brand_clean_first
categorical__brand_clean_first_torrent,1,brand_clean_first
categorical__category_code_clean_first_construction.tools.saw,1,category_code_clean_first
categorical__category_code_clean_first_apparel.underwear,1,category_code_clean_first
categorical__brand_clean_first_restime,1,brand_clean_first
numeric__missingindicator_price_for_aggregation_second,0,price_for_aggregation_second
categorical__category_code_clean_first_apparel.costume,0,category_code_clean_first
categorical__category_code_clean_first_apparel.jeans,0,category_code_clean_first
categorical__category_code_clean_first_apparel.jumper,0,category_code_clean_first
categorical__category_code_clean_first_apparel.shoes.ballet_shoes,0,category_code_clean_first
categorical__category_code_clean_first_apparel.shoes.moccasins,0,category_code_clean_first
categorical__brand_clean_first_redmond,0,brand_clean_first
categorical__brand_clean_first_rieker,0,brand_clean_first
categorical__brand_clean_first_ritmix,0,brand_clean_first
categorical__brand_clean_first_skad,0,brand_clean_first
categorical__brand_clean_first_sokolov,0,brand_clean_first
categorical__brand_clean_first_stagg,0,brand_clean_first
categorical__brand_clean_first_nika,0,brand_clean_first
categorical__brand_clean_first_nintendo,0,brand_clean_first
categorical__brand_clean_first_nokia,0,brand_clean_first
categorical__brand_clean_first_omron,0,brand_clean_first
categorical__brand_clean_first_oneplus,0,brand_clean_first
categorical__brand_clean_first_panasonic,0,brand_clean_first
categorical__brand_clean_first_pioneer,0,brand_clean_first
categorical__brand_clean_first_powerplant,0,brand_clean_first
categorical__brand_clean_first_prestigio,0,brand_clean_first
categorical__brand_clean_first_stels,0,brand_clean_first
categorical__brand_clean_first_sv,0,brand_clean_first
categorical__brand_clean_first_swat,0,brand_clean_first
categorical__brand_clean_first_tcl,0,brand_clean_first
categorical__brand_clean_first_texet,0,brand_clean_first
categorical__brand_clean_first_thermex,0,brand_clean_first
categorical__brand_clean_first_thermomix,0,brand_clean_first
categorical__brand_clean_first_thomas,0,brand_clean_first
categorical__brand_clean_first_tp-link,0,brand_clean_first
categorical__brand_clean_first_tramontina,0,brand_clean_first
categorical__brand_clean_first_logitech,0,brand_clean_first
categorical__brand_clean_first_lorelli,0,brand_clean_first
categorical__brand_clean_first_magnetta,0,brand_clean_first
categorical__brand_clean_first_maxwell,0,brand_clean_first
categorical__brand_clean_first_microlab,0,brand_clean_first
categorical__brand_clean_first_milavitsa,0,brand_clean_first
categorical__brand_clean_first_moulinex,0,brand_clean_first
categorical__brand_clean_first_netechnics,0,brand_clean_first
categorical__brand_clean_first_verloni,0,brand_clean_first
categorical__brand_clean_first_viatti,0,brand_clean_first
categorical__brand_clean_first_vivo,0,brand_clean_first
categorical__brand_clean_first_x-game,0,brand_clean_first
categorical__brand_clean_first_yamaha,0,brand_clean_first
categorical__brand_clean_first_yokohama,0,brand_clean_first
categorical__brand_clean_first_intex,0,brand_clean_first
categorical__brand_clean_first_jade,0,brand_clean_first
categorical__brand_clean_first_jaguar,0,brand_clean_first
categorical__brand_clean_first_janome,0,brand_clean_first
categorical__brand_clean_first_jbl,0,brand_clean_first
categorical__brand_clean_first_jvc,0,brand_clean_first
categorical__brand_clean_first_karcher,0,brand_clean_first
categorical__brand_clean_first_kenwood,0,brand_clean_first
categorical__brand_clean_first_kicx,0,brand_clean_first
categorical__brand_clean_first_kingston,0,brand_clean_first
categorical__brand_clean_first_kivi,0,brand_clean_first
categorical__brand_clean_first_kukmara,0,brand_clean_first
categorical__brand_clean_first_lego,0,brand_clean_first
categorical__brand_clean_second_alis,0,brand_clean_second
categorical__brand_clean_second_almacom,0,brand_clean_second
categorical__brand_clean_second_alpine,0,brand_clean_second
categorical__brand_clean_second_amazfit,0,brand_clean_second
categorical__brand_clean_second_amd,0,brand_clean_second
categorical__brand_clean_second_artel,0,brand_clean_second
categorical__brand_clean_second_atlant,0,brand_clean_second
categorical__brand_clean_second_axis,0,brand_clean_second
categorical__brand_clean_second_baden,0,brand_clean_second
categorical__brand_clean_first_granhel,0,brand_clean_first
categorical__brand_clean_first_haier,0,brand_clean_first
categorical__brand_clean_first_harper,0,brand_clean_first
categorical__brand_clean_first_honor,0,brand_clean_first
categorical__brand_clean_first_housefit,0,brand_clean_first
categorical__brand_clean_first_huter,0,brand_clean_first
categorical__brand_clean_first_hygge,0,brand_clean_first
categorical__brand_clean_first_hyperx,0,brand_clean_first
categorical__brand_clean_first_incanto,0,brand_clean_first
categorical__brand_clean_second_braun,0,brand_clean_second
categorical__brand_clean_second_bts,0,brand_clean_second
categorical__brand_clean_second_canon,0,brand_clean_second
categorical__brand_clean_second_carfashion,0,brand_clean_second
categorical__brand_clean_second_casio,0,brand_clean_second
categorical__brand_clean_second_crown,0,brand_clean_second
categorical__brand_clean_second_dauscher,0,brand_clean_second
categorical__brand_clean_second_decathlon,0,brand_clean_second
categorical__brand_clean_second_delonghi,0,brand_clean_second
categorical__brand_clean_second_dewalt,0,brand_clean_second
categorical__brand_clean_second_dji,0,brand_clean_second
categorical__brand_clean_second_dyson,0,brand_clean_second
categorical__brand_clean_second_escan,0,brand_clean_second
categorical__brand_clean_second_galaxy,0,brand_clean_second
categorical__brand_clean_second_garmin,0,brand_clean_second
categorical__brand_clean_second_gefest,0,brand_clean_second
categorical__brand_clean_first_dell,0,brand_clean_first
categorical__brand_clean_first_delonghi,0,brand_clean_first
categorical__brand_clean_first_dewalt,0,brand_clean_first
categorical__brand_clean_first_dji,0,brand_clean_first
categorical__brand_clean_first_dyson,0,brand_clean_first
categorical__brand_clean_first_electrolux,0,brand_clean_first
categorical__brand_clean_first_escan,0,brand_clean_first
categorical__brand_clean_first_garmin,0,brand_clean_first
categorical__brand_clean_first_gefest,0,brand_clean_first
categorical__brand_clean_first_giant,0,brand_clean_first
categorical__brand_clean_first_gigabyte,0,brand_clean_first
categorical__brand_clean_second_glo,0,brand_clean_second
categorical__brand_clean_second_granhel,0,brand_clean_second
categorical__brand_clean_second_haier,0,brand_clean_second
categorical__brand_clean_second_harper,0,brand_clean_second
categorical__brand_clean_second_huggies,0,brand_clean_second
categorical__brand_clean_first_brw,0,brand_clean_first
categorical__brand_clean_first_canon,0,brand_clean_first
categorical__brand_clean_first_casio,0,brand_clean_first
categorical__brand_clean_first_centek,0,brand_clean_first
categorical__brand_clean_first_chicco,0,brand_clean_first
categorical__brand_clean_first_cordiant,0,brand_clean_first
categorical__brand_clean_first_crown,0,brand_clean_first
categorical__brand_clean_first_deepcool,0,brand_clean_first
categorical__brand_clean_first_defender,0,brand_clean_first
categorical__brand_clean_second_hyperx,0,brand_clean_second
categorical__brand_clean_second_hyundai,0,brand_clean_second
categorical__brand_clean_second_incanto,0,brand_clean_second
categorical__brand_clean_second_indesit,0,brand_clean_second
categorical__brand_clean_second_jade,0,brand_clean_second
categorical__brand_clean_second_jaguar,0,brand_clean_second
categorical__brand_clean_second_jbl,0,brand_clean_second
categorical__brand_clean_second_kenwood,0,brand_clean_second
categorical__brand_clean_first_asel,0,brand_clean_first
categorical__brand_clean_first_asrock,0,brand_clean_first
categorical__brand_clean_first_atlant,0,brand_clean_first
categorical__brand_clean_first_axis,0,brand_clean_first
categorical__brand_clean_first_baden,0,brand_clean_first
categorical__brand_clean_first_beko,0,brand_clean_first
categorical__brand_clean_first_bene,0,brand_clean_first
categorical__brand_clean_first_bq,0,brand_clean_first
categorical__brand_clean_first_braun,0,brand_clean_first
categorical__brand_clean_first_a-case,0,brand_clean_first
categorical__brand_clean_first_adagio,0,brand_clean_first
categorical__brand_clean_first_adidas,0,brand_clean_first
categorical__brand_clean_first_alis,0,brand_clean_first
categorical__brand_clean_first_almacom,0,brand_clean_first
categorical__brand_clean_first_alpine,0,brand_clean_first
categorical__brand_clean_second_kingston,0,brand_clean_second
categorical__brand_clean_second_kivi,0,brand_clean_second
categorical__brand_clean_second_lorelli,0,brand_clean_second
categorical__brand_clean_second_magnetta,0,brand_clean_second
categorical__brand_clean_second_makita,0,brand_clean_second
categorical__brand_clean_second_microsoft,0,brand_clean_second
categorical__category_code_clean_second_furniture.bedroom.blanket,0,category_code_clean_second
categorical__category_code_clean_second_furniture.living_room.cabinet,0,category_code_clean_second
categorical__category_code_clean_second_kids.carriage,0,category_code_clean_second
categorical__category_code_clean_second_kids.dolls,0,category_code_clean_second
categorical__category_code_clean_second_medicine.tools.tonometer,0,category_code_clean_second
categorical__brand_clean_second_midea,0,brand_clean_second
categorical__brand_clean_second_milavitsa,0,brand_clean_second
categorical__brand_clean_second_moulinex,0,brand_clean_second
categorical__brand_clean_second_netechnics,0,brand_clean_second
categorical__brand_clean_second_nokia,0,brand_clean_second
categorical__brand_clean_second_nokian,0,brand_clean_second
categorical__brand_clean_second_omron,0,brand_clean_second
categorical__brand_clean_second_oneplus,0,brand_clean_second
categorical__brand_clean_second_panasonic,0,brand_clean_second
categorical__category_code_clean_second_construction.tools.saw,0,category_code_clean_second
categorical__category_code_clean_second_electronics.audio.acoustic,0,category_code_clean_second
categorical__category_code_clean_second_electronics.audio.microphone,0,category_code_clean_second
categorical__category_code_clean_second_electronics.camera.video,0,category_code_clean_second
categorical__category_code_clean_second_auto.accessories.compressor,0,category_code_clean_second
categorical__category_code_clean_second_auto.accessories.radar,0,category_code_clean_second
categorical__category_code_clean_second_auto.accessories.videoregister,0,category_code_clean_second
categorical__category_code_clean_second_computers.components.motherboard,0,category_code_clean_second
categorical__category_code_clean_second_construction.tools.painting,0,category_code_clean_second
categorical__category_code_clean_second_appliances.kitchen.grill,0,category_code_clean_second
categorical__category_code_clean_second_appliances.personal.scales,0,category_code_clean_second
categorical__category_code_clean_second_auto.accessories.alarm,0,category_code_clean_second
categorical__brand_clean_second_powerplant,0,brand_clean_second
categorical__brand_clean_second_pt-group,0,brand_clean_second
categorical__brand_clean_second_realme,0,brand_clean_second
categorical__brand_clean_second_rieker,0,brand_clean_second
categorical__brand_clean_second_rivertoys,0,brand_clean_second
categorical__category_code_clean_second_apparel.shoes.moccasins,0,category_code_clean_second
categorical__category_code_clean_second_apparel.sock,0,category_code_clean_second
categorical__category_code_clean_second_apparel.tshirt,0,category_code_clean_second
categorical__category_code_clean_second_appliances.environment.air_conditioner,0,category_code_clean_second
categorical__category_code_clean_second_appliances.ironing_board,0,category_code_clean_second
categorical__category_code_clean_second_appliances.kitchen.coffee_grinder,0,category_code_clean_second
categorical__brand_clean_second_skad,0,brand_clean_second
categorical__brand_clean_second_sokolov,0,brand_clean_second
categorical__brand_clean_second_stagg,0,brand_clean_second
categorical__brand_clean_second_sv,0,brand_clean_second
categorical__brand_clean_second_texet,0,brand_clean_second
categorical__brand_clean_second_thermomix,0,brand_clean_second
categorical__brand_clean_second_thomas,0,brand_clean_second
categorical__brand_clean_second_torrent,0,brand_clean_second
categorical__category_code_clean_first_sport.tennis,0,category_code_clean_first
categorical__category_code_clean_second_accessories.wallet,0,category_code_clean_second
categorical__category_code_clean_second_apparel.jeans,0,category_code_clean_second
categorical__category_code_clean_second_apparel.jumper,0,category_code_clean_second
categorical__category_code_clean_second_apparel.shoes.ballet_shoes,0,category_code_clean_second
categorical__category_code_clean_second_apparel.shoes.espadrilles,0,category_code_clean_second
categorical__category_code_clean_first_furniture.kitchen.chair,0,category_code_clean_first
categorical__category_code_clean_first_furniture.living_room.cabinet,0,category_code_clean_first
categorical__category_code_clean_first_furniture.living_room.chair,0,category_code_clean_first
categorical__category_code_clean_first_kids.carriage,0,category_code_clean_first
categorical__category_code_clean_first_kids.dolls,0,category_code_clean_first
categorical__brand_clean_second_trust,0,brand_clean_second
categorical__brand_clean_second_tunga,0,brand_clean_second
categorical__brand_clean_second_viatti,0,brand_clean_second
categorical__brand_clean_second_vivo,0,brand_clean_second
categorical__brand_clean_second_wiwu,0,brand_clean_second
categorical__brand_clean_second_x-game,0,brand_clean_second
categorical__brand_clean_second_yamaha,0,brand_clean_second
categorical__brand_clean_second_yasin,0,brand_clean_second
categorical__brand_clean_second_yokohama,0,brand_clean_second
categorical__category_code_clean_first_country_yard.cultivator,0,category_code_clean_first
categorical__category_code_clean_first_electronics.audio.acoustic,0,category_code_clean_first
categorical__category_code_clean_first_electronics.tablet,0,category_code_clean_first
categorical__category_code_clean_first_electronics.telephone,0,category_code_clean_first
categorical__category_code_clean_first_auto.accessories.videoregister,0,category_code_clean_first
categorical__category_code_clean_first_computers.components.motherboard,0,category_code_clean_first
categorical__category_code_clean_first_computers.components.power_supply,0,category_code_clean_first
categorical__category_code_clean_first_computers.desktop,0,category_code_clean_first
categorical__category_code_clean_first_computers.ebooks,0,category_code_clean_first
categorical__category_code_clean_first_construction.components.faucet,0,category_code_clean_first
categorical__category_code_clean_first_appliances.kitchen.hob,0,category_code_clean_first
categorical__category_code_clean_first_appliances.kitchen.kettle,0,category_code_clean_first
categorical__category_code_clean_first_appliances.personal.scales,0,category_code_clean_first
categorical__category_code_clean_first_auto.accessories.compressor,0,category_code_clean_first
categorical__category_code_clean_first_auto.accessories.radar,0,category_code_clean_first
categorical__category_code_clean_first_apparel.shoes.step_ins,0,category_code_clean_first
numeric__missingindicator_price_for_aggregation_first,0,price_for_aggregation_first
